"#","ID"
"1","154"
"2","153"
"3","152"
"4","151"
"5","150"
"6","148"
"7","147"
"8","146"
"9","145"
"10","144"
"11","143"
"12","142"
"13","141"
"14","140"
"15","139"
"16","138"
"17","137"
"18","136"
"19","135"
"20","134"
"21","133"
"22","132"
"23","130"
"24","129"
"25","128"
"26","127"
"27","126"
"28","125"
"29","124"
"30","123"
"31","122"
"32","121"
"33","120"
"34","119"
"35","118"
"36","117"
"37","116"
"38","115"
"39","114"
"40","113"
"41","112"
"42","111"
"43","110"
"44","109"
"45","108"
"46","107"
"47","106"
"48","103"
"49","100"
"50","99"
"51","98"
"52","97"
"53","94"
"54","93"
"55","92"
"56","91"
"57","88"
"58","87"
"59","86"
"60","85"
"61","84"
"62","81"
"63","80"
"64","79"
"65","5"
"66","4"
"67","3"
"68","2"
